accuracy,precision,recall,f1
0.6666666666666666,0.5,1.0,0.6666666666666666
